{
  "total_games": 9,
  "total_questions": 135,
  "total_correct": 49,
  "challenge_completions": 9,
  "practice_sessions": 0,
  "by_level": {
    "level_1": {
      "questions": 15,
      "correct": 10
    },
    "level_2": {
      "questions": 15,
      "correct": 9
    },
    "level_3": {
      "questions": 15,
      "correct": 6
    }
  },
  "by_type": {
    "same": {
      "questions": 71,
      "correct": 34
    },
    "different": {
      "questions": 64,
      "correct": 15
    }
  },
  "mistakes": {
    "s\u21925": 1,
    "i\u21921": 1,
    "f\u2192p": 1,
    "h\u2192H": 2,
    "M\u2192H": 2,
    "L\u2192i": 1,
    "q\u21920": 1,
    "r\u2192R": 2,
    "e\u21923": 2,
    "1\u2192I": 1,
    "A\u2192a": 1,
    "m\u2192N": 3,
    "v\u2192V": 1,
    "D\u21920": 1,
    "N\u2192n": 2,
    "H\u2192h": 1,
    "O\u2192Q": 1,
    "t\u21927": 1,
    "E\u2192e": 1,
    "f\u2192F": 1,
    "V\u2192U": 2,
    "a\u21924": 1,
    "4\u2192A": 1,
    "T\u2192t": 1,
    "n\u2192M": 1,
    "J\u2192L": 1,
    "a\u2192A": 1,
    "8\u2192b": 2,
    "L\u21921": 1,
    "C\u2192c": 1,
    "K\u2192k": 1,
    "S\u21925": 1,
    "x\u2192K": 1,
    "3\u2192E": 1,
    "A\u21924": 1,
    "R\u2192P": 1,
    "5\u2192S": 1,
    "l\u2192J": 1,
    "6\u2192G": 1,
    "1\u2192j": 1
  },
  "response_times": [
    1.4581191999895964,
    0.0760827999911271,
    0.16079990001162514,
    0.44359529999201186,
    0.5476380999898538,
    0.2740842000057455,
    0.10199070000089705,
    0.22697660000994802,
    0.6844666000106372,
    0.8654964999877848,
    0.26459970002179034,
    0.3842018999857828,
    0.028390199993737042,
    0.20043779999832623,
    0.17474389998824336,
    0.2832975000201259,
    1.3289370000129566,
    0.07982420001644641,
    0.028980399976717308,
    0.2915256999840494,
    0.09586989998933859,
    0.33991020001121797,
    0.26178749999962747,
    0.36747830000240356,
    0.20346360001713037,
    0.060688800003845245,
    0.010459200013428926,
    0.14196029998129234,
    0.02157969999825582,
    0.03654840000672266,
    0.24383320001652464,
    0.1617891999776475,
    2.201013200043235,
    2.2405903000035323,
    1.8001515999785624,
    1.7830193999689072,
    1.3356001000502147,
    2.284690900007263,
    0.06591750000370666,
    0.27130029996624216,
    1.4632905999897048,
    0.14496589999180287,
    0.12256809999234974,
    0.5513095000060275,
    0.10246730002108961,
    0.1607796999742277,
    0.14502050000010058,
    0.03725190000841394,
    0.2122084999573417,
    0.020334200002253056,
    0.25855490000685677,
    0.14544510003179312,
    0.10321299999486655,
    0.2006674999720417,
    2.770768200047314,
    2.7608119000215083,
    2.822234999970533,
    2.52000630000839,
    3.5846635999623686,
    3.8052726999740116,
    4.7665937000419945,
    4.7235026999842376,
    5.876210300019011,
    8.009349500003736,
    2.521023800014518,
    4.3621074999682605,
    4.038376900018193,
    0.261813799967058,
    0.29145979997701943,
    0.2334677999606356,
    0.29847600002540275,
    0.3904112000018358,
    0.23931390000507236,
    0.22036099998513237
  ],
  "last_played": "2026-01-20T08:26:20.234939"
}